{
  "version": 1,
  "author": "harish patidar",
  "editor": "wokwi",
  "parts": [
    { "type": "wokwi-arduino-mega", "id": "mega", "top": 12.72, "left": -47.67, "attrs": {} },
    {
      "type": "wokwi-dht22",
      "id": "dht1",
      "top": -172.72,
      "left": 627.47,
      "attrs": { "temperature": "67", "humidity": "41.5" }
    },
    {
      "type": "wokwi-dht22",
      "id": "dht2",
      "top": -179.42,
      "left": 423.12,
      "attrs": { "temperature": "68.7", "humidity": "56.5" }
    },
    {
      "type": "wokwi-dht22",
      "id": "dht3",
      "top": 270.05,
      "left": 394.05,
      "rotate": 180,
      "attrs": { "temperature": "24.8", "humidity": "86.5" }
    },
    {
      "type": "wokwi-dht22",
      "id": "dht4",
      "top": 273.28,
      "left": 654.55,
      "rotate": 180,
      "attrs": { "temperature": "52.6", "humidity": "85.5" }
    },
    {
      "type": "wokwi-servo",
      "id": "servo1",
      "top": -439.69,
      "left": 349.68,
      "rotate": 270,
      "attrs": {}
    },
    {
      "type": "wokwi-servo",
      "id": "servo2",
      "top": -431.6,
      "left": 603.55,
      "rotate": 270,
      "attrs": {}
    },
    {
      "type": "wokwi-servo",
      "id": "servo3",
      "top": 535.38,
      "left": 606.73,
      "rotate": 90,
      "attrs": {}
    },
    {
      "type": "wokwi-servo",
      "id": "servo4",
      "top": 531,
      "left": 330.76,
      "rotate": 90,
      "attrs": {}
    },
    {
      "type": "wokwi-lcd1602",
      "id": "lcd1",
      "top": 308.39,
      "left": -283.08,
      "attrs": { "pins": "i2c" }
    },
    {
      "type": "wokwi-photoresistor-sensor",
      "id": "ldr1",
      "top": 56.98,
      "left": -384.82,
      "attrs": {}
    }
  ],
  "connections": [
    [ "dht4:VCC", "mega:3.3V", "red", [ "v-42.5", "h-601.21", "v5.02" ] ],
    [ "dht1:VCC", "mega:3.3V", "red", [ "v269.08", "h-312.05" ] ],
    [ "dht2:VCC", "mega:3.3V", "red", [ "v300.05", "h-349.51" ] ],
    [ "servo4:V+", "mega:5V", "green", [ "v-57.55", "h-308.87", "v0" ] ],
    [ "servo3:V+", "mega:5V", "green", [ "v-53.8", "h-4.17" ] ],
    [ "servo1:V+", "mega:5V", "green", [ "v13.63", "h-550.35", "v417.57", "h204.65" ] ],
    [ "servo2:V+", "mega:5V", "green", [ "v17.94", "h-791.81", "v388.63", "h212.92" ] ],
    [ "dht3:GND", "mega:GND.2", "black", [ "v1.08", "h-285.91" ] ],
    [ "dht4:GND", "mega:GND.2", "black", [ "v-10.39", "h-544.05" ] ],
    [ "dht2:GND", "mega:GND.2", "black", [ "v313.13", "h-351.62" ] ],
    [ "dht1:GND", "mega:GND.2", "black", [ "v285.23", "h-555.97" ] ],
    [ "dht2:SDA", "mega:22", "green", [ "v-6.08", "h-145.8", "v104.83" ] ],
    [ "dht1:SDA", "mega:23", "green", [ "v-2.18", "h-359.57" ] ],
    [ "mega:48", "dht3:SDA", "green", [ "v0" ] ],
    [ "servo4:GND", "mega:GND.5", "black", [ "v0" ] ],
    [ "servo3:GND", "mega:GND.5", "black", [ "v0" ] ],
    [ "servo4:PWM", "mega:45", "green", [ "v-372.55", "h-25.42" ] ],
    [ "servo3:PWM", "mega:46", "green", [ "v0" ] ],
    [ "dht4:SDA", "mega:51", "green", [ "v-118.72", "h4.77" ] ],
    [ "servo1:GND", "mega:GND.1", "black", [ "v-5.58", "h-409.07" ] ],
    [ "servo2:GND", "mega:GND.1", "black", [ "v0.22", "h-603.88" ] ],
    [ "servo1:PWM", "mega:13", "green", [ "v53.71", "h-227.39" ] ],
    [ "servo2:PWM", "mega:12", "green", [ "v54.6", "h-615.87" ] ],
    [ "lcd1:GND", "mega:GND.3", "black", [ "h-55.7", "v-117.79", "h457.03" ] ],
    [ "lcd1:VCC", "mega:5V", "red", [ "h-67.8", "v-133.34", "h426.79" ] ],
    [ "lcd1:SDA", "mega:20", "green", [ "h-160.32", "v-371.84", "h709.69" ] ],
    [ "lcd1:SCL", "mega:21", "green", [ "h-172.41", "v-398.27", "h726.62" ] ],
    [ "ldr1:GND", "mega:GND.3", "black", [ "h40.11", "v138.69", "h303.53" ] ],
    [ "ldr1:VCC", "mega:3.3V", "red", [ "h77.26", "v169.45", "h223.87" ] ],
    [ "ldr1:DO", "mega:5", "green", [ "h31.21", "v-138.99", "h332.88" ] ],
    [ "ldr1:AO", "mega:A0", "green", [ "h0" ] ],
    [ "dht3:VCC", "mega:3.3V", "red", [ "v-15.44", "h-358.67" ] ]
  ]
}